Company Name,Link
STOCKS,https://www.moneycontrol.com/india/stockpricequote/
A,https://www.moneycontrol.com/india/stockpricequote/A
B,https://www.moneycontrol.com/india/stockpricequote/B
C,https://www.moneycontrol.com/india/stockpricequote/C
D,https://www.moneycontrol.com/india/stockpricequote/D
E,https://www.moneycontrol.com/india/stockpricequote/E
F,https://www.moneycontrol.com/india/stockpricequote/F
G,https://www.moneycontrol.com/india/stockpricequote/G
H,https://www.moneycontrol.com/india/stockpricequote/H
I,https://www.moneycontrol.com/india/stockpricequote/I
J,https://www.moneycontrol.com/india/stockpricequote/J
K,https://www.moneycontrol.com/india/stockpricequote/K
L,https://www.moneycontrol.com/india/stockpricequote/L
M,https://www.moneycontrol.com/india/stockpricequote/M
N,https://www.moneycontrol.com/india/stockpricequote/N
O,https://www.moneycontrol.com/india/stockpricequote/O
P,https://www.moneycontrol.com/india/stockpricequote/P
Q,https://www.moneycontrol.com/india/stockpricequote/Q
R,https://www.moneycontrol.com/india/stockpricequote/R
S,https://www.moneycontrol.com/india/stockpricequote/S
T,https://www.moneycontrol.com/india/stockpricequote/T
U,https://www.moneycontrol.com/india/stockpricequote/U
V,https://www.moneycontrol.com/india/stockpricequote/V
W,https://www.moneycontrol.com/india/stockpricequote/W
X,https://www.moneycontrol.com/india/stockpricequote/X
Y,https://www.moneycontrol.com/india/stockpricequote/Y
Z,https://www.moneycontrol.com/india/stockpricequote/Z
OTHERS,https://www.moneycontrol.com/india/stockpricequote/others
360 ONE WAM,https://www.moneycontrol.com/india/stockpricequote/360onewam/360onewam/IIFLW54277
3M India,https://www.moneycontrol.com/india/stockpricequote/diversified/3mindia/MI42
Aarti Ind,https://www.moneycontrol.com/india/stockpricequote/chemicals/aartiindustries/AI45
AAVAS Financier,https://www.moneycontrol.com/india/stockpricequote/financegeneral/aavasfinanciers/AF17
AB Capital,https://www.moneycontrol.com/india/stockpricequote/financeinvestments/adityabirlacapital/ABC9
ABB India,https://www.moneycontrol.com/india/stockpricequote/infrastructuregeneral/abbindia/ABB
Abbott India,https://www.moneycontrol.com/india/stockpricequote/pharmaceuticals/abbottindia/AI51
ACC,https://www.moneycontrol.com/india/stockpricequote/cementmajor/acc/ACC06
Action Const,https://www.moneycontrol.com/india/stockpricequote/engineeringheavy/actionconstructionequipment/ACE3
Adani Energy,https://www.moneycontrol.com/india/stockpricequote/powertransmissionequipment/adanienergysolutions/AT22
Adani Enterpris,https://www.moneycontrol.com/india/stockpricequote/trading/adanienterprises/AE13
Adani Ports,https://www.moneycontrol.com/india/stockpricequote/infrastructuregeneral/adaniportsspecialeconomiczone/MPS
Adani Power,https://www.moneycontrol.com/india/stockpricequote/powergenerationdistribution/adanipower/AP11
Adani Total Gas,https://www.moneycontrol.com/india/stockpricequote/adanitotalgas/adanitotalgas/ADG01
Aditya Birla F,https://www.moneycontrol.com/india/stockpricequote/retail/adityabirlafashionretail/PFR
Aditya Birla Re,https://www.moneycontrol.com/india/stockpricequote/adityabirlare/adityabirlarealestate/CTI
Aegis Logistics,https://www.moneycontrol.com/india/stockpricequote/transportlogistics/aegislogistics/AL9
Aether Ind,https://www.moneycontrol.com/india/stockpricequote/specialitychemicals/aetherindustries/AI84
AIA Engineering,https://www.moneycontrol.com/india/stockpricequote/castingsforgings/aiaengineering/AIE01
Ajanta Pharma,https://www.moneycontrol.com/india/stockpricequote/pharmaceuticals/ajantapharma/AP22
Akzo Nobel,https://www.moneycontrol.com/india/stockpricequote/paintsvarnishes/akzonobelindia/ICI
Alembic Pharma,https://www.moneycontrol.com/india/stockpricequote/pharmaceuticals/alembicpharmaceuticals/AP35
Alkem Lab,https://www.moneycontrol.com/india/stockpricequote/pharmaceuticals/alkemlaboratories/AL05
Alkyl Amines,https://www.moneycontrol.com/india/stockpricequote/chemicals/alkylamineschemicals/AAC
Alok Industries,https://www.moneycontrol.com/india/stockpricequote/textilesweaving/alokindustries/AI54
Amara Raja,https://www.moneycontrol.com/india/stockpricequote/autoancillaries/amararajaenergymobility/ARB
Amber Enterpris,https://www.moneycontrol.com/india/stockpricequote/miscellaneous/amberenterprisesindialimited/AEI01
Ambuja Cements,https://www.moneycontrol.com/india/stockpricequote/cementmajor/ambujacements/AC18
Anant Raj,https://www.moneycontrol.com/india/stockpricequote/anantraj/anantraj/ARI
Anupam Rasayan,https://www.moneycontrol.com/india/stockpricequote/specialitychemicals/anupamrasayanindia/ARI02
Apar Ind,https://www.moneycontrol.com/india/stockpricequote/electricequipment/aparindustries/AI40
APL Apollo,https://www.moneycontrol.com/india/stockpricequote/steeltubespipes/aplapollotubes/BT09
Apollo Hospital,https://www.moneycontrol.com/india/stockpricequote/hospitalsmedicalservices/apollohospitalsenterprises/AHE
Apollo Tyres,https://www.moneycontrol.com/india/stockpricequote/tyres/apollotyres/AT14
Archean Chem,https://www.moneycontrol.com/india/stockpricequote/chemicals/archeanchemicalindustries/ACI05
Asahi India,https://www.moneycontrol.com/india/stockpricequote/glassglassproducts/asahiindiaglass/AIG01
Ashok Leyland,https://www.moneycontrol.com/india/stockpricequote/autolcvshcvs/ashokleyland/AL
Asian Paints,https://www.moneycontrol.com/india/stockpricequote/paintsvarnishes/asianpaints/AP31
Aster DM Health,https://www.moneycontrol.com/india/stockpricequote/diversified/asterdmhealthcareltd/ADH
Astral Ltd,https://www.moneycontrol.com/india/stockpricequote/plastics/astrallimited/APT02
AstraZeneca,https://www.moneycontrol.com/india/stockpricequote/pharmaceuticals/astrazenecapharma/AZP
Atul,https://www.moneycontrol.com/india/stockpricequote/chemicals/atul/A06
AU Small Financ,https://www.moneycontrol.com/india/stockpricequote/banksprivatesector/ausmallfinancebank/ASF02
Aurobindo Pharm,https://www.moneycontrol.com/india/stockpricequote/pharmaceuticals/aurobindopharma/AP
Authum Invest,https://www.moneycontrol.com/india/stockpricequote/authuminvest/authuminvestmentinfrastucture/AII01
Avenue Supermar,https://www.moneycontrol.com/india/stockpricequote/retail/avenuesupermarts/AS19
Axis Bank,https://www.moneycontrol.com/india/stockpricequote/banksprivatesector/axisbank/AB16
Bajaj Auto,https://www.moneycontrol.com/india/stockpricequote/auto23wheelers/bajajauto/BA10
Bajaj Finance,https://www.moneycontrol.com/india/stockpricequote/bajajfinance/bajajfinance/BAF
Bajaj Finserv,https://www.moneycontrol.com/india/stockpricequote/financeinvestments/bajajfinserv/BF04
Bajaj Holdings,https://www.moneycontrol.com/india/stockpricequote/financeinvestments/bajajholdingsinvestment/BHI
Balaji Amines,https://www.moneycontrol.com/india/stockpricequote/chemicals/balajiamines/BA05
Balkrishna Ind,https://www.moneycontrol.com/india/stockpricequote/tyres/balkrishnaindustries/BI03
Balrampur Chini,https://www.moneycontrol.com/india/stockpricequote/sugar/balrampurchinimills/BCM
Bandhan Bank,https://www.moneycontrol.com/india/stockpricequote/banksprivatesector/bandhanbank/BB09
Bank of Baroda,https://www.moneycontrol.com/india/stockpricequote/bankspublicsector/bankofbaroda/BOB
Bank of India,https://www.moneycontrol.com/india/stockpricequote/bankspublicsector/bankofindia/BOI
Bank of Mah,https://www.moneycontrol.com/india/stockpricequote/bankspublicsector/bankmaharashtra/BM05
BASF,https://www.moneycontrol.com/india/stockpricequote/chemicals/basfindia/BAS
Bata India,https://www.moneycontrol.com/india/stockpricequote/leatherproducts/bataindia/BI01
Bayer CropScien,https://www.moneycontrol.com/india/stockpricequote/pesticidesagrochemicals/bayercropscience/BC12
BEML,https://www.moneycontrol.com/india/stockpricequote/infrastructuregeneral/beml/BEM03
Berger Paints,https://www.moneycontrol.com/india/stockpricequote/paintsvarnishes/bergerpaintsindia/BPI02
Bharat Dynamics,https://www.moneycontrol.com/india/stockpricequote/bharatdynamics/bharatdynamics/BDL01
Bharat Elec,https://www.moneycontrol.com/india/stockpricequote/bharatelec/bharatelectronics/BE03
Bharat Forge,https://www.moneycontrol.com/india/stockpricequote/castingsforgings/bharatforge/BF03
Bharti Airtel,https://www.moneycontrol.com/india/stockpricequote/telecommunicationsservice/bhartiairtel/BA08
BHEL,https://www.moneycontrol.com/india/stockpricequote/infrastructuregeneral/bharatheavyelectricals/BHE
Biocon,https://www.moneycontrol.com/india/stockpricequote/pharmaceuticals/biocon/BL03
Birla Corp,https://www.moneycontrol.com/india/stockpricequote/cementmajor/birlacorporation/BC07
Birlasoft,https://www.moneycontrol.com/india/stockpricequote/computerssoftwaremediumsmall/birlasoft/KPI02
BLS Internation,https://www.moneycontrol.com/india/stockpricequote/miscellaneous/blsinternationalservices/BLS
Blue Dart,https://www.moneycontrol.com/india/stockpricequote/couriers/bluedartexpress/BDE
Blue Star,https://www.moneycontrol.com/india/stockpricequote/consumergoodswhitegoods/bluestar/BS
Bombay Burmah,https://www.moneycontrol.com/india/stockpricequote/plantationsteacoffee/bombayburmahtradingcorporation/BBT
Bosch,https://www.moneycontrol.com/india/stockpricequote/autoancillaries/bosch/B05
BPCL,https://www.moneycontrol.com/india/stockpricequote/refineries/bharatpetroleumcorporation/BPC
Brigade Ent,https://www.moneycontrol.com/india/stockpricequote/constructioncontractingrealestate/brigadeenterprises/BE08
Britannia,https://www.moneycontrol.com/india/stockpricequote/foodprocessing/britanniaindustries/BI
Can Fin Homes,https://www.moneycontrol.com/india/stockpricequote/financehousing/canfinhomes/CFH
Canara Bank,https://www.moneycontrol.com/india/stockpricequote/bankspublicsector/canarabank/CB06
Caplin Labs,https://www.moneycontrol.com/india/stockpricequote/pharmaceuticals/caplinpointlaboratories/CPL
Capri Global,https://www.moneycontrol.com/india/stockpricequote/financegeneral/capriglobalcapital/MMF05
Carborundum,https://www.moneycontrol.com/india/stockpricequote/abrasives/carborundumuniversal/CU
Castrol,https://www.moneycontrol.com/india/stockpricequote/lubricants/castrolindia/CI01
CCL Products,https://www.moneycontrol.com/india/stockpricequote/plantationsteacoffee/cclproductsindia/CC10
Ceat,https://www.moneycontrol.com/india/stockpricequote/tyres/ceat/C07
Central Bank,https://www.moneycontrol.com/india/stockpricequote/bankspublicsector/centralbankindia/CBO01
CenturyPlyboard,https://www.moneycontrol.com/india/stockpricequote/miscellaneous/centuryplyboards/CP9
Cera Sanitary,https://www.moneycontrol.com/india/stockpricequote/ceramicsgranite/cerasanitaryware/CS18
CESC,https://www.moneycontrol.com/india/stockpricequote/powergenerationdistribution/cesc/CES
CG Consumer,https://www.moneycontrol.com/india/stockpricequote/electricals/cromptongreavesconsumerelectrical/CGC01
CG Power,https://www.moneycontrol.com/india/stockpricequote/electricequipment/cgpowerindustrialsolutions/CG
Chalet Hotels,https://www.moneycontrol.com/india/stockpricequote/hotels/chalethotels/CH03
Chambal Fert,https://www.moneycontrol.com/india/stockpricequote/fertilisers/chambalfertiliserschemicals/CFC
CHEMPLAST SANMA,https://www.moneycontrol.com/india/stockpricequote/specialitychemicals/chemplastsanmar/CS23
Chennai Petro,https://www.moneycontrol.com/india/stockpricequote/refineries/chennaipetroleumcorporation/CPC02
Chola Fin Hold,https://www.moneycontrol.com/india/stockpricequote/miscellaneous/cholamandalamfinancialholdings/TII
Chola Invest.,https://www.moneycontrol.com/india/stockpricequote/cholainvest/cholamandalaminvestmentfinancecompany/CDB
CIEINDIA,https://www.moneycontrol.com/india/stockpricequote/cieindia/cieautomotiveindia/MF19
Cipla,https://www.moneycontrol.com/india/stockpricequote/pharmaceuticals/cipla/C
City Union Bank,https://www.moneycontrol.com/india/stockpricequote/banksprivatesector/cityunionbank/CUB
Clean Science,https://www.moneycontrol.com/india/stockpricequote/specialitychemicals/cleansciencetechnology/CST
Coal India,https://www.moneycontrol.com/india/stockpricequote/miningminerals/coalindia/CI11
Cochin Shipyard,https://www.moneycontrol.com/india/stockpricequote/cochinshipyard/cochinshipyard/CS
COFORGE LTD.,https://www.moneycontrol.com/india/stockpricequote/computerssoftware/coforgelimited/NII02
Colgate,https://www.moneycontrol.com/india/stockpricequote/personalcare/colgatepalmoliveindia/CPI
Container Corp,https://www.moneycontrol.com/india/stockpricequote/transportlogistics/containercorporationindia/CCI
Coromandel Int,https://www.moneycontrol.com/india/stockpricequote/fertilisers/coromandelinternational/CI45
CRISIL,https://www.moneycontrol.com/india/stockpricequote/miscellaneous/crisil/CRI
Cummins,https://www.moneycontrol.com/india/stockpricequote/engines/cumminsindia/CI02
Cyient,https://www.moneycontrol.com/india/stockpricequote/computerssoftware/cyient/IE07
Dabur India,https://www.moneycontrol.com/india/stockpricequote/personalcare/daburindia/DI
Dalmia Bharat,https://www.moneycontrol.com/india/stockpricequote/cementmajor/dalmiabharat/OCL
DCM Shriram,https://www.moneycontrol.com/india/stockpricequote/diversified/dcmshriram/DCM02
Deepak Fert,https://www.moneycontrol.com/india/stockpricequote/fertilisers/deepakfertilisersandpetrochemicalscorporation/DFP
Deepak Nitrite,https://www.moneycontrol.com/india/stockpricequote/chemicals/deepaknitrite/DN
Divis Labs,https://www.moneycontrol.com/india/stockpricequote/pharmaceuticals/divislaboratories/DL03
Dixon Technolog,https://www.moneycontrol.com/india/stockpricequote/electricals/dixontechnologies/DT07
DLF,https://www.moneycontrol.com/india/stockpricequote/constructioncontractingrealestate/dlf/D04
Dr Lal PathLab,https://www.moneycontrol.com/india/stockpricequote/pharmaceuticals/drlalpathlabs/DLP01
Dr Reddys Labs,https://www.moneycontrol.com/india/stockpricequote/pharmaceuticals/drreddyslaboratories/DRL
eClerx Services,https://www.moneycontrol.com/india/stockpricequote/computerssoftwaremediumsmall/eclerxservices/eS06
Eicher Motors,https://www.moneycontrol.com/india/stockpricequote/autolcvshcvs/eichermotors/EM
EID Parry,https://www.moneycontrol.com/india/stockpricequote/sugar/eidparryindia/EID
EIH,https://www.moneycontrol.com/india/stockpricequote/hotels/eih/EIH
Elgi Equipments,https://www.moneycontrol.com/india/stockpricequote/compressors/elgiequipments/EE01
Emami,https://www.moneycontrol.com/india/stockpricequote/personalcare/emami/E06
Endurance Techn,https://www.moneycontrol.com/india/stockpricequote/auto23wheelers/endurancetechnologies/ET01
Engineers India,https://www.moneycontrol.com/india/stockpricequote/engineersindia/engineersindia/EI14
Esab India,https://www.moneycontrol.com/india/stockpricequote/electrodesgraphite/esabindia/EI06
Escorts Kubota,https://www.moneycontrol.com/india/stockpricequote/escortskubota/escortskubota/E
Exide Ind,https://www.moneycontrol.com/india/stockpricequote/autoancillaries/exideindustries/EI
FDC,https://www.moneycontrol.com/india/stockpricequote/pharmaceuticals/fdc/FDC
Federal Bank,https://www.moneycontrol.com/india/stockpricequote/banksprivatesector/federalbank/FB
Fine Organics,https://www.moneycontrol.com/india/stockpricequote/miscellaneous/fineorganicsindustries/FOI
Finolex Cables,https://www.moneycontrol.com/india/stockpricequote/cablestelephone/finolexcables/FC01
Finolex Ind,https://www.moneycontrol.com/india/stockpricequote/petrochemicals/finolexindustries/FI
Firstsource Sol,https://www.moneycontrol.com/india/stockpricequote/computerssoftwaremediumsmall/firstsourcesolutions/FS07
Fortis Health,https://www.moneycontrol.com/india/stockpricequote/hospitalsmedicalservices/fortishealthcare/FH
FSN E-Co Nykaa,https://www.moneycontrol.com/india/stockpricequote/miscellaneous/fsnecommerceventuresnykaa/FEV
GAIL,https://www.moneycontrol.com/india/stockpricequote/oildrillingandexploration/gailindia/GAI
Galaxy Surfacta,https://www.moneycontrol.com/india/stockpricequote/miscellaneous/galaxysurfactantsltd/GSL06
Garden Reach Sh,https://www.moneycontrol.com/india/stockpricequote/engineeringheavy/gardenreachshipbuildersengineers/GRS01
Garware Technic,https://www.moneycontrol.com/india/stockpricequote/textilesgeneral/garwaretechnicalfibres/GWR
GE Shipping,https://www.moneycontrol.com/india/stockpricequote/shipping/greateasternshippingcompany/GES
General Insuran,https://www.moneycontrol.com/india/stockpricequote/diversified/generalinsurancecorporationindia/GIC12
Gillette India,https://www.moneycontrol.com/india/stockpricequote/personalcare/gilletteindia/GI22
GlaxoSmithKline,https://www.moneycontrol.com/india/stockpricequote/pharmaceuticals/glaxosmithklinepharmaceuticals/GSK
Glenmark,https://www.moneycontrol.com/india/stockpricequote/pharmaceuticals/glenmarkpharma/GP08
GMR Airports,https://www.moneycontrol.com/india/stockpricequote/gmrairports/gmrairports/GI27
GNFC,https://www.moneycontrol.com/india/stockpricequote/gnfc/gujaratnarmadavalleyfertchem/GNV
Godfrey Phillip,https://www.moneycontrol.com/india/stockpricequote/cigarettes/godfreyphillipsindia/GPI
Godrej Agrovet,https://www.moneycontrol.com/india/stockpricequote/miscellaneous/godrejagrovet/GA03
Godrej Consumer,https://www.moneycontrol.com/india/stockpricequote/personalcare/godrejconsumerproducts/GCP
Godrej Ind,https://www.moneycontrol.com/india/stockpricequote/personalcare/godrejindustries/GI23
Godrej Prop,https://www.moneycontrol.com/india/stockpricequote/constructioncontractingrealestate/godrejproperties/GP11
Granules India,https://www.moneycontrol.com/india/stockpricequote/pharmaceuticals/granulesindia/GI25
Graphite India,https://www.moneycontrol.com/india/stockpricequote/electrodesgraphite/graphiteindia/GI13
Grasim,https://www.moneycontrol.com/india/stockpricequote/diversified/grasimindustries/GI01
Grindwell Norto,https://www.moneycontrol.com/india/stockpricequote/abrasives/grindwellnorton/GN
GSFC,https://www.moneycontrol.com/india/stockpricequote/fertilisers/gujaratstatefertilizerschemicals/GSF
Guj Mineral,https://www.moneycontrol.com/india/stockpricequote/miningminerals/gujaratmineraldevelopmentcorporation/GMD
Guj State Petro,https://www.moneycontrol.com/india/stockpricequote/oildrillingandexploration/gujaratstatepetronet/GSP02
Gujarat Fluoro,https://www.moneycontrol.com/india/stockpricequote/chemicals/gujaratfluorochemicalslimited/GUJAR54281
Gujarat Gas,https://www.moneycontrol.com/india/stockpricequote/oildrillingandexploration/gujaratgas/GGC
Gujarat Pipavav,https://www.moneycontrol.com/india/stockpricequote/shipping/gujaratpipavavport/GPP03
Hatsun Agro,https://www.moneycontrol.com/india/stockpricequote/foodprocessing/hatsunagroproducts/HAP
Havells India,https://www.moneycontrol.com/india/stockpricequote/electricequipment/havellsindia/HI01
HBL Eng,https://www.moneycontrol.com/india/stockpricequote/electricequipment/hblengineering/HBL02
HCL Tech,https://www.moneycontrol.com/india/stockpricequote/computerssoftware/hcltechnologies/HCL02
HDFC AMC,https://www.moneycontrol.com/india/stockpricequote/financeinvestments/hdfcassetmanagementcompany/HAM02
HDFC Bank,https://www.moneycontrol.com/india/stockpricequote/banksprivatesector/hdfcbank/HDF01
HDFC Life,https://www.moneycontrol.com/india/stockpricequote/lifehealthinsurance/hdfclifeinsurancecompany/HSL01
HEG,https://www.moneycontrol.com/india/stockpricequote/electrodesgraphite/heg/HEG
Hero Motocorp,https://www.moneycontrol.com/india/stockpricequote/auto23wheelers/heromotocorp/HHM
HFCL,https://www.moneycontrol.com/india/stockpricequote/telecommunicationsequipment/hfcl/HFC
Himadri Special,https://www.moneycontrol.com/india/stockpricequote/chemicals/himadrispecialitychemical/HCI01
Hind Copper,https://www.moneycontrol.com/india/stockpricequote/metalsnonferrous/hindustancopper/HC07
Hind Zinc,https://www.moneycontrol.com/india/stockpricequote/metalsnonferrous/hindustanzinc/HZ
Hindalco,https://www.moneycontrol.com/india/stockpricequote/hindalco/hindalcoindustries/HI
HINDPETRO,https://www.moneycontrol.com/india/stockpricequote/hindpetro/hindustanpetroleumcorporation/HPC
Honeywell Autom,https://www.moneycontrol.com/india/stockpricequote/telecommunicationsequipment/honeywellautomation/HA04
HUDCO,https://www.moneycontrol.com/india/stockpricequote/constructioncontractingrealestate/housingurbandevelopmentcorporation/HUD
HUL,https://www.moneycontrol.com/india/stockpricequote/personalcare/hindustanunilever/HU
Hyundai Motor,https://www.moneycontrol.com/india/stockpricequote/automobilepassengercars/hyundaimotorindia/HMI01
ICICI Bank,https://www.moneycontrol.com/india/stockpricequote/banksprivatesector/icicibank/ICI02
ICICI Lombard,https://www.moneycontrol.com/india/stockpricequote/icicilombard/icicilombardgeneralinsurancecompany/ILG
ICICI Prudentia,https://www.moneycontrol.com/india/stockpricequote/financegeneral/iciciprudentiallifeinsurancecompany/IPL01
IDBI Bank,https://www.moneycontrol.com/india/stockpricequote/idbibank/idbibank/IDB05
IDFC First Bank,https://www.moneycontrol.com/india/stockpricequote/banksprivatesector/idfcfirstbank/IDF01
IEX,https://www.moneycontrol.com/india/stockpricequote/diversified/indianenergyexchange/IEE
IFCI,https://www.moneycontrol.com/india/stockpricequote/financetermlendinginstitutions/ifci/IFC02
IGL,https://www.moneycontrol.com/india/stockpricequote/oildrillingandexploration/indraprasthagas/IG04
IIFL Finance,https://www.moneycontrol.com/india/stockpricequote/financegeneral/iiflfinance/II15
India Cements,https://www.moneycontrol.com/india/stockpricequote/cementmajor/indiacements/IC
Indiamart Inter,https://www.moneycontrol.com/india/stockpricequote/indiamartinter/indiamartintermesh/II12
Indian Bank,https://www.moneycontrol.com/india/stockpricequote/bankspublicsector/indianbank/IB04
Indian Hotels,https://www.moneycontrol.com/india/stockpricequote/hotels/indianhotelscompany/IHC
INDUS TOWERS,https://www.moneycontrol.com/india/stockpricequote/telecommunicationsequipment/industowers/BI14
IndusInd Bank,https://www.moneycontrol.com/india/stockpricequote/banksprivatesector/indusindbank/IIB
Info Edge,https://www.moneycontrol.com/india/stockpricequote/miscellaneous/infoedgeindia/IEI01
Infosys,https://www.moneycontrol.com/india/stockpricequote/computerssoftware/infosys/IT
Ingersoll Rand,https://www.moneycontrol.com/india/stockpricequote/compressors/ingersollrandindia/IRI01
Inox Wind,https://www.moneycontrol.com/india/stockpricequote/powergenerationdistribution/inoxwind/IW
Intellect Desig,https://www.moneycontrol.com/india/stockpricequote/computerssoftware/intellectdesignarena/IDA
Interglobe Avi,https://www.moneycontrol.com/india/stockpricequote/transportlogistics/interglobeaviation/IA04
IOB,https://www.moneycontrol.com/india/stockpricequote/bankspublicsector/indianoverseasbank/IOB
IOC,https://www.moneycontrol.com/india/stockpricequote/refineries/indianoilcorporation/IOC
Ipca Labs,https://www.moneycontrol.com/india/stockpricequote/pharmaceuticals/ipcalaboratories/IL
IRB Infra,https://www.moneycontrol.com/india/stockpricequote/irbinfra/irbinfrastructuredevelopers/IID01
Ircon Internati,https://www.moneycontrol.com/india/stockpricequote/engineeringheavy/irconinternational/II07
IRCTC,https://www.moneycontrol.com/india/stockpricequote/miscellaneous/irctcindianrailwaycateringtourismcorp/IRC
ITC,https://www.moneycontrol.com/india/stockpricequote/itc/itc/ITC
ITI,https://www.moneycontrol.com/india/stockpricequote/telecommunicationsequipment/iti/ITI
J. K. Cement,https://www.moneycontrol.com/india/stockpricequote/cementmajor/jkcement/JKC03
JB Chemicals,https://www.moneycontrol.com/india/stockpricequote/pharmaceuticals/jbchemicalspharmaceuticals/JBC01
JBM Auto,https://www.moneycontrol.com/india/stockpricequote/autoancillaries/jbmauto/JBM03
Jindal Saw,https://www.moneycontrol.com/india/stockpricequote/steeltubespipes/jindalsaw/JS08
Jindal Stainles,https://www.moneycontrol.com/india/stockpricequote/steelmediumsmall/jindalstainless/JSL01
Jindal Steel,https://www.moneycontrol.com/india/stockpricequote/steelspongeiron/jindalsteelpower/JSP
JK Bank,https://www.moneycontrol.com/india/stockpricequote/banksprivatesector/jammukashmirbank/JKB
JK Lakshmi Cem,https://www.moneycontrol.com/india/stockpricequote/cementmajor/jklakshmicement/JKL01
JM Financial,https://www.moneycontrol.com/india/stockpricequote/financeinvestments/jmfinancial/JMF
JSW Energy,https://www.moneycontrol.com/india/stockpricequote/powergenerationdistribution/jswenergy/JE01
JSW Steel,https://www.moneycontrol.com/india/stockpricequote/steellarge/jswsteel/JSW01
Jubilant Food,https://www.moneycontrol.com/india/stockpricequote/miscellaneous/jubilantfoodworks/JF04
Jubilant Pharmo,https://www.moneycontrol.com/india/stockpricequote/pharmaceuticals/jubilantpharmova/JO03
Jupiter Wagons,https://www.moneycontrol.com/india/stockpricequote/engineering/jupiterwagons/CEB
Just Dial,https://www.moneycontrol.com/india/stockpricequote/miscellaneous/justdial/JD
Jyothy Labs,https://www.moneycontrol.com/india/stockpricequote/personalcare/jyothylabs/JL
Jyoti CNC Auto,https://www.moneycontrol.com/india/stockpricequote/misccommercialservices/jyoticncautomation/JCA
Kajaria Ceramic,https://www.moneycontrol.com/india/stockpricequote/ceramicsgranite/kajariaceramics/KC06
Kama Holdings,https://www.moneycontrol.com/india/stockpricequote/petrochemicals/kamaholdings/SRF03
Kansai Nerolac,https://www.moneycontrol.com/india/stockpricequote/paintsvarnishes/kansainerolacpaints/KNP
KEC Intl,https://www.moneycontrol.com/india/stockpricequote/powertransmissionequipment/kecinternational/KEC04
KEI Industries,https://www.moneycontrol.com/india/stockpricequote/cablespowerothers/keiindustries/KEI
KIOCL,https://www.moneycontrol.com/india/stockpricequote/steelspongeiron/kiocl/KIO
Kirloskar Bros,https://www.moneycontrol.com/india/stockpricequote/pumps/kirloskarbrothers/KB02
Kirloskar Oil,https://www.moneycontrol.com/india/stockpricequote/engines/kirloskaroilengines/KOE03
KNR Construct,https://www.moneycontrol.com/india/stockpricequote/constructioncontractingcivil/knrconstructions/KC13
Kotak Mahindra,https://www.moneycontrol.com/india/stockpricequote/banksprivatesector/kotakmahindrabank/KMB
KPIL,https://www.moneycontrol.com/india/stockpricequote/powertransmissionequipment/kalpataruprojectsinternational/KPT
KPIT Tech,https://www.moneycontrol.com/india/stockpricequote/kpittech/kpittechnologies/KPITT54265
KPR Mill,https://www.moneycontrol.com/india/stockpricequote/textilesreadymadeapparels/kprmill/M15
Larsen,https://www.moneycontrol.com/india/stockpricequote/infrastructuregeneral/larsentoubro/LT
Laurus Labs,https://www.moneycontrol.com/india/stockpricequote/pharmaceuticals/lauruslabs/LL05
Laxmi Organic,https://www.moneycontrol.com/india/stockpricequote/specialitychemicals/laxmiorganicindustries/LOI
LIC Housing Fin,https://www.moneycontrol.com/india/stockpricequote/financehousing/lichousingfinance/LIC
LIC India,https://www.moneycontrol.com/india/stockpricequote/licindia/lifeinsurancecorporationindia/LIC09
Linde India,https://www.moneycontrol.com/india/stockpricequote/chemicals/lindeindia/BOC
Lloyds Metals,https://www.moneycontrol.com/india/stockpricequote/steelspongeiron/lloydsmetalsenergy/LME
LMW,https://www.moneycontrol.com/india/stockpricequote/textilesmachinery/lmw/LMW
LT Finance,https://www.moneycontrol.com/india/stockpricequote/financeinvestments/ltfinance/LFH
LT Technology,https://www.moneycontrol.com/india/stockpricequote/lttechnology/lttechnologyservices/LTS
LTIMindtree,https://www.moneycontrol.com/india/stockpricequote/computerssoftware/ltimindtree/LI12
Lupin,https://www.moneycontrol.com/india/stockpricequote/pharmaceuticals/lupin/L
M&M,https://www.moneycontrol.com/india/stockpricequote/autocarsjeeps/mahindramahindra/MM
Macrotech Dev,https://www.moneycontrol.com/india/stockpricequote/constructionresidentialcommercialcomplexes/macrotechdevelopers/MD03
Mah Scooters,https://www.moneycontrol.com/india/stockpricequote/auto23wheelers/maharashtrascooters/MS01
Mah Seamless,https://www.moneycontrol.com/india/stockpricequote/steeltubespipes/maharashtraseamless/MS02
Mahanagar Gas,https://www.moneycontrol.com/india/stockpricequote/refineries/mahanagargas/MG02
Mahindra Holida,https://www.moneycontrol.com/india/stockpricequote/hotels/mahindraholidaysresortsindia/MHR
Mahindra Life,https://www.moneycontrol.com/india/stockpricequote/constructioncontractingcivil/mahindralifespacedevelopers/MLD
Manappuram Fin,https://www.moneycontrol.com/india/stockpricequote/financeleasinghirepurchase/manappuramfinance/MGF01
Marico,https://www.moneycontrol.com/india/stockpricequote/personalcare/marico/M13
Maruti Suzuki,https://www.moneycontrol.com/india/stockpricequote/autocarsjeeps/marutisuzukiindia/MS24
Mastek,https://www.moneycontrol.com/india/stockpricequote/computerssoftware/mastek/M
Max Financial,https://www.moneycontrol.com/india/stockpricequote/financeinvestments/maxfinancialservices/MI
MCX India,https://www.moneycontrol.com/india/stockpricequote/miscellaneous/multicommodityexchangeindia/MCE
Medplus Health,https://www.moneycontrol.com/india/stockpricequote/fooddrugretailing/medplushealthservices/MHS01
Metropolis,https://www.moneycontrol.com/india/stockpricequote/hospitalsmedicalservices/metropolishealthcare/MH06
Minda Corp,https://www.moneycontrol.com/india/stockpricequote/autoancillaries/mindacorporation/MC23
Mishra Dhatu,https://www.moneycontrol.com/india/stockpricequote/ironsteel/mishradhatunigam/MDN
MMTC Ltd,https://www.moneycontrol.com/india/stockpricequote/trading/mmtc/MMT
MOTHERSON,https://www.moneycontrol.com/india/stockpricequote/motherson/samvardhanamothersoninternational/MSS01
Motherson SWI,https://www.moneycontrol.com/india/stockpricequote/autoancillaries/mothersonsumiwiringindia/MSW
Motilal Oswal,https://www.moneycontrol.com/india/stockpricequote/financegeneral/motilaloswalfinancialservices/MOF01
MphasiS,https://www.moneycontrol.com/india/stockpricequote/computerssoftware/mphasis/MB02
MRF,https://www.moneycontrol.com/india/stockpricequote/tyres/mrf/MRF
MRPL,https://www.moneycontrol.com/india/stockpricequote/refineries/mangalorerefinerypetrochemicals/MRP
Muthoot Finance,https://www.moneycontrol.com/india/stockpricequote/financeinvestments/muthootfinance/MF10
NALCO,https://www.moneycontrol.com/india/stockpricequote/aluminium/nationalaluminiumcompany/NAC
Narayana Hruda,https://www.moneycontrol.com/india/stockpricequote/hospitalsmedicalservices/narayanahrudayalaya/NH
Natco Pharma,https://www.moneycontrol.com/india/stockpricequote/pharmaceuticals/natcopharma/NP07
Navin Fluorine,https://www.moneycontrol.com/india/stockpricequote/chemicals/navinfluorineinternational/NFI
NBCC (India),https://www.moneycontrol.com/india/stockpricequote/infrastructuregeneral/nbccindia/NBC01
NCC,https://www.moneycontrol.com/india/stockpricequote/constructioncontractingcivil/ncc/NCC01
Nestle,https://www.moneycontrol.com/india/stockpricequote/foodprocessing/nestleindia/NI
Network 18,https://www.moneycontrol.com/india/stockpricequote/mediaentertainment/network18mediainvestments/NMI
New India Assur,https://www.moneycontrol.com/india/stockpricequote/miscellaneous/newindiaassurancecompany/NIA
Newgen Software,https://www.moneycontrol.com/india/stockpricequote/computerssoftware/newgensoftwaretechnologies/NST01
NHPC,https://www.moneycontrol.com/india/stockpricequote/powergenerationdistribution/nhpc/N07
Nippon,https://www.moneycontrol.com/india/stockpricequote/miscellaneous/nipponlifeindiaassetmanagement/RNL
NLC India,https://www.moneycontrol.com/india/stockpricequote/powergenerationdistribution/nlcindia/NLC
NMDC,https://www.moneycontrol.com/india/stockpricequote/miningminerals/nmdc/NMD02
NMDC Steel,https://www.moneycontrol.com/india/stockpricequote/ironsteel/nmdcsteel/NS15
NTPC,https://www.moneycontrol.com/india/stockpricequote/powergenerationdistribution/ntpc/NTP
Oberoi Realty,https://www.moneycontrol.com/india/stockpricequote/constructioncontractingrealestate/oberoirealty/OR
Oil India,https://www.moneycontrol.com/india/stockpricequote/oildrillingandexploration/oilindia/OI13
Olectra Greente,https://www.moneycontrol.com/india/stockpricequote/telecommunicationsservice/olectragreentech/GI29
One 97 Paytm,https://www.moneycontrol.com/india/stockpricequote/onlineservices/one97communicationspaytm/OC03
ONGC,https://www.moneycontrol.com/india/stockpricequote/oildrillingandexploration/oilnaturalgascorporation/ONG
Oracle Fin Serv,https://www.moneycontrol.com/india/stockpricequote/computerssoftware/oraclefinancialservicessoftware/OFS01
P and G,https://www.moneycontrol.com/india/stockpricequote/personalcare/proctergamblehygienehealthcare/PGH
Page Industries,https://www.moneycontrol.com/india/stockpricequote/textilesreadymadeapparels/pageindustries/PI35
Patanjali Foods,https://www.moneycontrol.com/india/stockpricequote/patanjalifoods/patanjalifoods/RSI
PB Fintech,https://www.moneycontrol.com/india/stockpricequote/multilineinsurancebrokers/pbfintech/PF14
PCBL Chemical,https://www.moneycontrol.com/india/stockpricequote/pcblchemical/pcblchemical/PCB01
Persistent,https://www.moneycontrol.com/india/stockpricequote/computerssoftware/persistentsystems/PS15
Petronet LNG,https://www.moneycontrol.com/india/stockpricequote/oildrillingandexploration/petronetlng/PLN
Pfizer,https://www.moneycontrol.com/india/stockpricequote/pharmaceuticals/pfizer/P
Phoenix Mills,https://www.moneycontrol.com/india/stockpricequote/constructioncontractingrealestate/phoenixmills/PM02
PI Industries,https://www.moneycontrol.com/india/stockpricequote/pesticidesagrochemicals/piindustries/PII
Pidilite Ind,https://www.moneycontrol.com/india/stockpricequote/chemicals/pidiliteindustries/PI11
Piramal Enter,https://www.moneycontrol.com/india/stockpricequote/piramalenter/piramalenterprises/PH05
PNB,https://www.moneycontrol.com/india/stockpricequote/bankspublicsector/punjabnationalbank/PNB05
PNB Housing Fin,https://www.moneycontrol.com/india/stockpricequote/financehousing/pnbhousingfinance/PHF
PNC Infratech,https://www.moneycontrol.com/india/stockpricequote/constructioncontractingrealestate/pncinfratech/PI26
Poly Medicure,https://www.moneycontrol.com/india/stockpricequote/hospitalsmedicalservices/polymedicure/PM06
Polycab,https://www.moneycontrol.com/india/stockpricequote/cablespowerothers/polycabindia/PI44
Poonawalla Fin,https://www.moneycontrol.com/india/stockpricequote/financenbfc/poonawallafincorp/MF20
Power Finance,https://www.moneycontrol.com/india/stockpricequote/financetermlendinginstitutions/powerfinancecorporation/PFC02
Power Grid Corp,https://www.moneycontrol.com/india/stockpricequote/powergenerationdistribution/powergridcorporationindia/PGC
Praj Industries,https://www.moneycontrol.com/india/stockpricequote/engineeringheavy/prajindustries/PI17
Prestige Estate,https://www.moneycontrol.com/india/stockpricequote/constructioncontractingrealestate/prestigeestatesprojects/PEP02
Prism Johnson,https://www.moneycontrol.com/india/stockpricequote/cementmajor/prismjohnson/PC
Procter Gamble,https://www.moneycontrol.com/india/stockpricequote/pharmaceuticals/proctergamblehealth/M12
PTC Industries,https://www.moneycontrol.com/india/stockpricequote/engineeringheavy/ptcindustries/PTC03
Punjab and Sind,https://www.moneycontrol.com/india/stockpricequote/bankspublicsector/punjabsindbank/PSB
PVR INOX,https://www.moneycontrol.com/india/stockpricequote/mediaentertainment/pvrinox/PVR
Quess Corp,https://www.moneycontrol.com/india/stockpricequote/engineering/quesscorp/QC
Radico Khaitan,https://www.moneycontrol.com/india/stockpricequote/breweriesdistilleries/radicokhaitan/RK01
Rail Vikas,https://www.moneycontrol.com/india/stockpricequote/miscellaneous/railvikasnigam/RVN
Rajesh Exports,https://www.moneycontrol.com/india/stockpricequote/diamondcuttingjewellerypreciousmetals/rajeshexports/RE07
Ramco Cements,https://www.moneycontrol.com/india/stockpricequote/cementmajor/theramcocements/MC
RamkrishnaForge,https://www.moneycontrol.com/india/stockpricequote/castingsforgings/ramkrishnaforgings/RF17
Rashtriya Chem,https://www.moneycontrol.com/india/stockpricequote/fertilisers/rashtriyachemicalsfertilisers/RCF01
Ratnamani Metal,https://www.moneycontrol.com/india/stockpricequote/steeltubespipes/ratnamanimetalstubes/RMT
RBL Bank,https://www.moneycontrol.com/india/stockpricequote/banksprivatesector/rblbank/RB03
REC,https://www.moneycontrol.com/india/stockpricequote/financetermlendinginstitutions/rec/REC02
Redington,https://www.moneycontrol.com/india/stockpricequote/computershardware/redington/RI37
Relaxo Footwear,https://www.moneycontrol.com/india/stockpricequote/leatherproducts/relaxofootwears/RF07
Reliance,https://www.moneycontrol.com/india/stockpricequote/refineries/relianceindustries/RI
RHI Magnesita,https://www.moneycontrol.com/india/stockpricequote/cementproductsbuildingmaterials/rhimagnesitaindia/OR01
RITES,https://www.moneycontrol.com/india/stockpricequote/rites/rites/R02
SAIL,https://www.moneycontrol.com/india/stockpricequote/steellarge/steelauthorityindia/SAI
Sammaan Capital,https://www.moneycontrol.com/india/stockpricequote/sammaancapital/sammaancapital/IHF01
Sanofi India,https://www.moneycontrol.com/india/stockpricequote/pharmaceuticals/sanofiindia/AP26
SBI,https://www.moneycontrol.com/india/stockpricequote/bankspublicsector/statebankindia/SBI
SBI Life Insura,https://www.moneycontrol.com/india/stockpricequote/sbilifeinsura/sbilifeinsurancecompany/SLI03
Schaeffler Ind,https://www.moneycontrol.com/india/stockpricequote/bearings/schaefflerindia/FAG
Schneider Infra,https://www.moneycontrol.com/india/stockpricequote/powergenerationdistribution/schneiderelectricinfrastructure/SEI04
Sheela Foam,https://www.moneycontrol.com/india/stockpricequote/miscellaneous/sheelafoam/SF14
Shoppers Stop,https://www.moneycontrol.com/india/stockpricequote/retail/shoppersstop/SS51
Shree Cements,https://www.moneycontrol.com/india/stockpricequote/cementmajor/shreecements/SC12
Shree Renuka,https://www.moneycontrol.com/india/stockpricequote/sugar/shreerenukasugars/SRS03
Shriram Finance,https://www.moneycontrol.com/india/stockpricequote/financeleasinghirepurchase/shriramfinance/STF
Shyam Metalics,https://www.moneycontrol.com/india/stockpricequote/ironsteel/shyammetalicsenergy/SME05
Siemens,https://www.moneycontrol.com/india/stockpricequote/infrastructuregeneral/siemens/S
SignatureGlobal,https://www.moneycontrol.com/india/stockpricequote/signatureglobal/signatureglobalindia/SIL24
SJVN,https://www.moneycontrol.com/india/stockpricequote/powergenerationdistribution/sjvn/S11
SKF India,https://www.moneycontrol.com/india/stockpricequote/bearings/skfindia/SKF01
Sobha,https://www.moneycontrol.com/india/stockpricequote/constructioncontractingrealestate/sobha/SD6
Solar Ind,https://www.moneycontrol.com/india/stockpricequote/chemicals/solarindustriesindia/SII04
Sona BLW,https://www.moneycontrol.com/india/stockpricequote/autoancillariescastingsforgings/sonablwprecisionforgings/SBP04
Sonata,https://www.moneycontrol.com/india/stockpricequote/computerssoftwaremediumsmall/sonatasoftware/SS42
SRF,https://www.moneycontrol.com/india/stockpricequote/diversified/srf/SRF
Star Cement,https://www.moneycontrol.com/india/stockpricequote/cementmajor/starcement/SFC02
SUMITOMO,https://www.moneycontrol.com/india/stockpricequote/sumitomo/sumitomochemicalindialimite/SUMIC54292
Sun Pharma,https://www.moneycontrol.com/india/stockpricequote/pharmaceuticals/sunpharmaceuticalindustries/SPI
Sun Pharma Adv,https://www.moneycontrol.com/india/stockpricequote/pharmaceuticals/sunpharmaadvancedresearchcompany/SPA
Sun TV Network,https://www.moneycontrol.com/india/stockpricequote/mediaentertainment/suntvnetwork/STN01
Sundram,https://www.moneycontrol.com/india/stockpricequote/fasteners/sundramfasteners/SF23
Sunteck Realty,https://www.moneycontrol.com/india/stockpricequote/constructioncontractingrealestate/sunteckrealty/SR05
Supreme Ind,https://www.moneycontrol.com/india/stockpricequote/plastics/supremeindustries/SI48
Supreme Petro,https://www.moneycontrol.com/india/stockpricequote/petrochemicals/supremepetrochem/SP
Suzlon Energy,https://www.moneycontrol.com/india/stockpricequote/powergenerationdistribution/suzlonenergy/SE17
Swan Energy,https://www.moneycontrol.com/india/stockpricequote/trading/swanenergy/SM09
Syngene Intl,https://www.moneycontrol.com/india/stockpricequote/miscellaneous/syngeneinternational/SI10
Tanla Platforms,https://www.moneycontrol.com/india/stockpricequote/computerssoftwaremediumsmall/tanlaplatforms/TS11
Tata Chemicals,https://www.moneycontrol.com/india/stockpricequote/chemicals/tatachemicals/TC
Tata Comm,https://www.moneycontrol.com/india/stockpricequote/telecommunicationsservice/tatacommunications/TC17
TATA Cons. Prod,https://www.moneycontrol.com/india/stockpricequote/plantationsteacoffee/tataconsumerproducts/TT
Tata Elxsi,https://www.moneycontrol.com/india/stockpricequote/computerssoftware/tataelxsi/TE
Tata Inv Corp,https://www.moneycontrol.com/india/stockpricequote/financeinvestments/tatainvestmentcorporation/TIC
Tata Motors,https://www.moneycontrol.com/india/stockpricequote/autolcvshcvs/tatamotors/TM03
Tata Power,https://www.moneycontrol.com/india/stockpricequote/tatapower/thetatapowercompany/TPC
Tata Steel,https://www.moneycontrol.com/india/stockpricequote/tatasteel/tatasteel/TIS
TataTeleservice,https://www.moneycontrol.com/india/stockpricequote/telecommunicationsservice/tatateleservicesmaharashtra/TTM01
TCS,https://www.moneycontrol.com/india/stockpricequote/computerssoftware/tataconsultancyservices/TCS
Tech Mahindra,https://www.moneycontrol.com/india/stockpricequote/computerssoftware/techmahindra/TM4
Tejas Networks,https://www.moneycontrol.com/india/stockpricequote/telecommunicationsequipment/tejasnetworks/TN
Thermax,https://www.moneycontrol.com/india/stockpricequote/infrastructuregeneral/thermax/T
Timken,https://www.moneycontrol.com/india/stockpricequote/bearings/timkenindia/TI23
TITAGARH,https://www.moneycontrol.com/india/stockpricequote/infrastructuregeneral/titagarhrailsystems/TW04
Titan Company,https://www.moneycontrol.com/india/stockpricequote/miscellaneous/titancompany/TI01
TMB,https://www.moneycontrol.com/india/stockpricequote/tmb/tamilnadmercantilebank/TMB
Torrent Pharma,https://www.moneycontrol.com/india/stockpricequote/pharmaceuticals/torrentpharmaceuticals/TP06
Torrent Power,https://www.moneycontrol.com/india/stockpricequote/powergenerationdistribution/torrentpower/TP14
Trent,https://www.moneycontrol.com/india/stockpricequote/retail/trent/T04
Trident,https://www.moneycontrol.com/india/stockpricequote/textilesspinningcottonblended/trident/AI01
Triveni Turbine,https://www.moneycontrol.com/india/stockpricequote/electricequipment/triveniturbine/TT14
TTK Prestige,https://www.moneycontrol.com/india/stockpricequote/domesticappliances/ttkprestige/TTK02
TVS Holdings,https://www.moneycontrol.com/india/stockpricequote/autoancillaries/tvsholdings/SC
TVS Motor,https://www.moneycontrol.com/india/stockpricequote/auto23wheelers/tvsmotorcompany/TVS
UCO Bank,https://www.moneycontrol.com/india/stockpricequote/bankspublicsector/ucobank/UCO
UltraTechCement,https://www.moneycontrol.com/india/stockpricequote/cementmajor/ultratechcement/UTC01
Union Bank,https://www.moneycontrol.com/india/stockpricequote/bankspublicsector/unionbankindia/UBI01
United Brewerie,https://www.moneycontrol.com/india/stockpricequote/breweriesdistilleries/unitedbreweries/UB02
United Spirits,https://www.moneycontrol.com/india/stockpricequote/breweriesdistilleries/unitedspirits/US
UNO Minda,https://www.moneycontrol.com/india/stockpricequote/unominda/unominda/MI4
UPL,https://www.moneycontrol.com/india/stockpricequote/chemicals/upl/UP04
Usha Martin,https://www.moneycontrol.com/india/stockpricequote/steelmediumsmall/ushamartin/UM01
V-Guard Ind,https://www.moneycontrol.com/india/stockpricequote/electricequipment/vguardindustries/VI02
Vardhman Text,https://www.moneycontrol.com/india/stockpricequote/textilesspinningcottonblended/vardhmantextiles/VT10
Varroc Engineer,https://www.moneycontrol.com/india/stockpricequote/engineeringheavy/varrocengineering/VE08
Varun Beverages,https://www.moneycontrol.com/india/stockpricequote/foodprocessing/varunbeverages/VB05
Vedant Fashions,https://www.moneycontrol.com/india/stockpricequote/retailing/vedantfashions/VF04
Vedanta,https://www.moneycontrol.com/india/stockpricequote/miningminerals/vedanta/SG
Vinati Organics,https://www.moneycontrol.com/india/stockpricequote/chemicals/vinatiorganics/VO01
Voltas,https://www.moneycontrol.com/india/stockpricequote/diversified/voltas/V
Welspun Corp,https://www.moneycontrol.com/india/stockpricequote/steeltubespipes/welspuncorp/WGS
Welspun Living,https://www.moneycontrol.com/india/stockpricequote/welspunliving/welspunliving/WI03
Westlife Food,https://www.moneycontrol.com/india/stockpricequote/westlifefood/westlifefoodworld/DIC
Whirlpool,https://www.moneycontrol.com/india/stockpricequote/consumergoodswhitegoods/whirlpoolindia/WI
Wipro,https://www.moneycontrol.com/india/stockpricequote/computerssoftware/wipro/W
Yes Bank,https://www.moneycontrol.com/india/stockpricequote/banksprivatesector/yesbank/YB
Zee Entertain,https://www.moneycontrol.com/india/stockpricequote/mediaentertainment/zeeentertainmententerprises/ZEE
Zensar Tech,https://www.moneycontrol.com/india/stockpricequote/computerssoftware/zensartechnologies/ZT02
ZFCVINDIA,https://www.moneycontrol.com/india/stockpricequote/zfcvindia/zfcommercialvehiclecontrolsystemsindia/WAB
Zydus Life,https://www.moneycontrol.com/india/stockpricequote/zyduslife/zyduslifesciences/CHC
Zydus Wellness,https://www.moneycontrol.com/india/stockpricequote/vanaspatioils/zyduswellness/ZW01
HDFC Bank,https://www.moneycontrol.com/india/stockpricequote/banksprivatesector/hdfcbank/HDF01
Reliance,https://www.moneycontrol.com/india/stockpricequote/refineries/reliance/RI
BSE Limited,https://www.moneycontrol.com/india/stockpricequote/miscellaneous/bselimited/B08
Nipp Nifty1D,https://www.moneycontrol.com/india/stockpricequote/etf/nippnifty1d/LB
TCS,https://www.moneycontrol.com/india/stockpricequote/computerssoftware/tcs/TCS
Stocks:,https://www.moneycontrol.com/india/stockpricequote/
A,https://www.moneycontrol.com/india/stockpricequote/A
B,https://www.moneycontrol.com/india/stockpricequote/B
C,https://www.moneycontrol.com/india/stockpricequote/C
D,https://www.moneycontrol.com/india/stockpricequote/D
E,https://www.moneycontrol.com/india/stockpricequote/E
F,https://www.moneycontrol.com/india/stockpricequote/F
G,https://www.moneycontrol.com/india/stockpricequote/G
H,https://www.moneycontrol.com/india/stockpricequote/H
I,https://www.moneycontrol.com/india/stockpricequote/I
J,https://www.moneycontrol.com/india/stockpricequote/J
K,https://www.moneycontrol.com/india/stockpricequote/K
L,https://www.moneycontrol.com/india/stockpricequote/L
M,https://www.moneycontrol.com/india/stockpricequote/M
N,https://www.moneycontrol.com/india/stockpricequote/N
O,https://www.moneycontrol.com/india/stockpricequote/O
P,https://www.moneycontrol.com/india/stockpricequote/P
Q,https://www.moneycontrol.com/india/stockpricequote/Q
R,https://www.moneycontrol.com/india/stockpricequote/R
S,https://www.moneycontrol.com/india/stockpricequote/S
T,https://www.moneycontrol.com/india/stockpricequote/T
U,https://www.moneycontrol.com/india/stockpricequote/U
V,https://www.moneycontrol.com/india/stockpricequote/V
W,https://www.moneycontrol.com/india/stockpricequote/W
X,https://www.moneycontrol.com/india/stockpricequote/X
Y,https://www.moneycontrol.com/india/stockpricequote/Y
Z,https://www.moneycontrol.com/india/stockpricequote/Z
Others,https://www.moneycontrol.com/india/stockpricequote/others
